Id,HotelValue
1,169277.0524984
2,187758.393988768
3,183583.683569555